<?xml version="1.0" encoding="utf-8"?>
<openerp>
    <data noupdate="0">

        <record id="action_account_voucher_invoice_report" model="ir.actions.act_window">
            <field name="name">Voucher with Invoices</field>
            <field name="res_model">base.report.params</field>
            <field name="view_type">form</field>
            <field name="view_mode">form</field>
            <field name="target">new</field>
        </record>
        
        <record id="account_voucher_invoice_report_tree" model="ir.actions.report.xml">
            <field name="name">Voucher with Invoices</field>
            <field name="report_name">account.voucher.invoice.report.list</field>
            <field name="model">account.voucher</field>
            <field name="report_type">cubicReport</field>
            <field name="report_mode">tree</field>
            <field name="report_page_orientation">landscape</field>
            <field name="menu_show" eval="1"/>
            <field name="multi" eval="0"/>
            <field name="report_company_detail" eval="1"/>
            <field name="act_window_id" ref="action_account_voucher_invoice_report"/>
            <field name="custom_params_src">[
{'name': 'date_ini', 'type': 'date', 'args': ['Start Date'], 'kwargs':{}, 'default':time.strftime('%Y-%m-%d'), 'string':'Start Date', 'required': '1'},
{'name': 'date_end', 'type': 'date', 'args': ['End Date'], 'kwargs':{}, 'default':time.strftime('%Y-%m-%d'), 'string': 'End Date', 'required': '1'},
{'name': 'partner_id', 'type': 'many2one', 'args': ['res.partner'], 'kwargs':{}, 'relation':'res.partner', 'string': 'Partner', 'required': '0'},
]</field>
            <field name="custom_sql" eval="1"/>
            <field name="custom_sql_src">
select p.name as "Partner",v.number as "Voucher",v.amount as "Voucher_Amount",vl.name as "Invoice",vl.amount as "Invoice_Amount", v.date as "Voucher_Date"  
  from account_voucher v, account_voucher_line vl, res_partner p 
where p.id=v.partner_id and v.id = vl.voucher_id and v.date between '%(date_ini)s' and '%(date_end)s';
            </field>
            <field name="custom_fields" eval="1"/>
            <field name="custom_fields_src">{
'page_header': [
            {'type':'image', 'file':s.browse('res.users',uid).company_id.logo, 
                    'left':0*cm, 'top':0*cm, 'right':4*cm, 'bottom':0.5*cm,
                    'style':{'alignment':TA_LEFT}
                },
            {'type':'label', 'text':s.browse('res.users',uid).company_id.name, 'top':0.3*cm, 'left':0*cm, 'width':BAND_WIDTH, 'style':{'alignment':TA_CENTER}},
            {'type':'label', 'text':s.browse('res.users',uid).company_id.rml_header1, 'top':0.3*cm, 'left':0*cm, 'width':BAND_WIDTH, 'style':{'alignment':TA_RIGHT}},
            ],
'begin'  :  [
            ],
'detail'  :  [
            {'type': 'field', 'name': 'Invoice'},
            {'type': 'field', 'name': 'Invoice_Amount'},
            ],
'groups' : [
		{
			'group_by': 'Partner',
	        'begin' : [
	        		{'type': 'value', 'name': 'Partner'},
	                {'type': 'value', 'name': 'Voucher_Amount', 'action':FIELD_ACTION_SUM},
				],
			'summary': [
				],
			'attributes': {
					'group'  : {},
					'begin'  : {},
					'summary': {},
				},
		},
		{
			'group_by': 'Voucher',
			'begin' : [
					{'type': 'value', 'name': 'Voucher'},
	                {'type': 'value', 'name': 'Invoice_Amount', 'action':FIELD_ACTION_SUM},
	                {'type': 'value', 'name': 'Voucher_Date'},
				],
			'summary': [
				],
			'attributes': {
					'group'  : {},
	                'begin': {},
	                'summary'  : {},
				},
		},
	],
'summary' :  [
           ],
'page_footer': [
            {'type':'label', 'text':s.pool('res.users').browse(cr,uid,uid).company_id.rml_footer, 'top':0.1*cm, 'left':0*cm, 'width':BAND_WIDTH, 'style':{'alignment':TA_CENTER}},
            {'type':'system', 'expression':'%(now:%d/%m/%Y)s %(now:%H:%M)s', 'top':0.1*cm, 'left':0*cm, 'width':BAND_WIDTH, 'style':{'alignment':TA_LEFT}},
            {'type':'system', 'expression':'Pag. %(page_number)s/%(page_count)s', 'top':0.1*cm, 'left':0*cm, 'width':BAND_WIDTH, 'style':{'alignment':TA_RIGHT}},
           ],
}</field>
			<field name="custom_attributes" eval="1"/>
            <field name="custom_attributes_src">{
'report': {'print_if_empty': True},
'page_header':{},
'title':{},
'begin':{},
'detail':{},
'summary':{},
'page_footer':{}
}</field>
        </record>
    </data>
</openerp>
